# 这是小版本间的sql更新记录
#v5.0-->v5.1
ALTER TABLE `behavior_template`
    ADD COLUMN `paras` INT NOT NULL DEFAULT 3 AFTER `order_index`;
ALTER TABLE `stat_bind_config`
    ADD COLUMN `compare` SMALLINT(5) NOT NULL DEFAULT 0 AFTER `default_value`;
ALTER TABLE `stat_template`
    ADD COLUMN `paras` INT NOT NULL DEFAULT 1 AFTER `order_index`;
ALTER TABLE `plan_template`
    ADD COLUMN `paras` INT NOT NULL DEFAULT 3 AFTER `order_index`;
ALTER TABLE `stat_bind_config`
DROP COLUMN `compare`;
#更新配置
truncate table behavior_template;
INSERT INTO `behavior_template` (`template_id`, `template_name`, `title`, `sql_type`, `sql_content`, `extra_sql`, `date_region`, `status`, `month_stat`, `day_stat`, `hour_stat`, `all_day`, `unit`, `order_index`, `paras`, `level`, `buss_type`, `url`, `source`, `remark`, `created_time`, `modify_time`) VALUES (1,'音乐练习统计','音乐练习',0,'select mp.practice_id,mp.start_time as date,mi.instrument_name,mp.minutes as value,\'分钟\' as unit,1 as days,mi.instrument_name as content from music_practice mp,instrument mi  where mp.instrument_id = mi.instrument_id and mp.user_id=?1 and  start_time>=?2 and start_time<=?3\n','and mp.instrument_id=?4',_binary '\0',1,_binary '',1,1,0,'分钟',1,3,3,3,'MusicPractice',18,'','2017-09-04 20:17:04','2024-05-30 09:26:07');
INSERT INTO `behavior_template` (`template_id`, `template_name`, `title`, `sql_type`, `sql_content`, `extra_sql`, `date_region`, `status`, `month_stat`, `day_stat`, `hour_stat`, `all_day`, `unit`, `order_index`, `paras`, `level`, `buss_type`, `url`, `source`, `remark`, `created_time`, `modify_time`) VALUES (2,'运动锻炼统计','运动锻炼',0,'select mp.exercise_id as id,mp.exercise_time as date,mi.sport_name,mp.value as value,mi.unit,1 as days,null as content from exercise mp,sport mi \nwhere mp.sport_id =mi.sport_id and mp.user_id=?1 and mp.exercise_time>=?2 and mp.exercise_time<=?3\n\n','and mp.sport_id=?4',_binary '\0',1,_binary '',1,1,0,'分钟',1,3,3,5,'Exercise',11,NULL,'2017-09-04 20:30:36','2024-05-30 09:26:12');
INSERT INTO `behavior_template` (`template_id`, `template_name`, `title`, `sql_type`, `sql_content`, `extra_sql`, `date_region`, `status`, `month_stat`, `day_stat`, `hour_stat`, `all_day`, `unit`, `order_index`, `paras`, `level`, `buss_type`, `url`, `source`, `remark`, `created_time`, `modify_time`) VALUES (3,'人生经历','人生经历',0,'select exp_id,start_date as date,\n    case \n     when type=0 then \'生活\'\n     when type=1 then \'工作\'\n     when type=2 then \'旅行\'\n     when type=3 then \'读书\'\n     else \'其他\' END\n	as name,\n    days as value,\'天\' as unit, days,exp_name from experience \nwhere user_id=?1 and start_date>=?2 and start_date<=?3\n','',_binary '',1,_binary '',1,1,0,'次',6,3,3,2,'Experience',12,NULL,'2017-09-04 20:37:14','2024-03-08 20:01:43');
INSERT INTO `behavior_template` (`template_id`, `template_name`, `title`, `sql_type`, `sql_content`, `extra_sql`, `date_region`, `status`, `month_stat`, `day_stat`, `hour_stat`, `all_day`, `unit`, `order_index`, `paras`, `level`, `buss_type`, `url`, `source`, `remark`, `created_time`, `modify_time`) VALUES (4,'看病统计','看病',0,'select treat_id as id,treat_time as date,\'看病\' as name ,total_fee as value,\'元\' as unit,1 as days,disease as content from treat\nwhere user_id=?1 and treat_time>=?2 and treat_time<=?3\n',NULL,_binary '\0',1,_binary '',1,1,0,'次',1,3,3,6,NULL,0,NULL,'2017-09-04 20:39:31','2024-03-07 20:31:11');
INSERT INTO `behavior_template` (`template_id`, `template_name`, `title`, `sql_type`, `sql_content`, `extra_sql`, `date_region`, `status`, `month_stat`, `day_stat`, `hour_stat`, `all_day`, `unit`, `order_index`, `paras`, `level`, `buss_type`, `url`, `source`, `remark`, `created_time`, `modify_time`) VALUES (5,'身体不适统计','身体不适',0,'select id,occur_date as date,disease as name,days as value,\'天\' as unit,days,organ as content from body_abnormal where user_id=?1 and occur_date>=?2 and occur_date<=?3\n ','',_binary '',1,_binary '',1,1,0,'次',1,3,3,6,'BodyAbnormal',6,NULL,'2017-09-04 20:56:04','2024-03-08 17:54:28');
INSERT INTO `behavior_template` (`template_id`, `template_name`, `title`, `sql_type`, `sql_content`, `extra_sql`, `date_region`, `status`, `month_stat`, `day_stat`, `hour_stat`, `all_day`, `unit`, `order_index`, `paras`, `level`, `buss_type`, `url`, `source`, `remark`, `created_time`, `modify_time`) VALUES (6,'消费统计','消费',0,'select consume_id,buy_time,\'消费\' as name,total_price,\'元\' as unit,1 as days,goods_name from consume where user_id=?1 and buy_time>=?2 and buy_time<=?3 \n','and goods_type_id=?4 and source_id=?5',_binary '\0',1,_binary '\0',1,1,0,'次',1,3,3,0,'Consume',7,NULL,'2017-09-04 20:59:33','2024-05-30 09:26:41');
INSERT INTO `behavior_template` (`template_id`, `template_name`, `title`, `sql_type`, `sql_content`, `extra_sql`, `date_region`, `status`, `month_stat`, `day_stat`, `hour_stat`, `all_day`, `unit`, `order_index`, `paras`, `level`, `buss_type`, `url`, `source`, `remark`, `created_time`, `modify_time`) VALUES (7,'看书统计','看书',0,'select rd.detail_id,rd.read_time,\'看书\' as name,rd.duration,\'分钟\' as unit,1 as days,b.book_name as content from read_detail rd,book b where rd.book_id = b.book_id and rd.user_id=?1 and rd.read_time>=?2 and rd.read_time<=?3\n','',_binary '\0',1,_binary '',1,1,0,'分钟',1,3,3,4,'Book',17,NULL,'2017-09-05 11:48:16','2024-03-08 18:17:27');
INSERT INTO `behavior_template` (`template_id`, `template_name`, `title`, `sql_type`, `sql_content`, `extra_sql`, `date_region`, `status`, `month_stat`, `day_stat`, `hour_stat`, `all_day`, `unit`, `order_index`, `paras`, `level`, `buss_type`, `url`, `source`, `remark`, `created_time`, `modify_time`) VALUES (8,'加班统计','加班',0,'select wo.overtime_id,wo.work_date as date,\'加班\' as name,round(wo.hours) as value,\'小时\' as unit,1 as days,c.company_name from work_overtime wo,company c\nwhere wo.company_id = c.company_id and wo.user_id=?1 and wo.work_date>=?2 and wo.work_date<=?3\n',NULL,_binary '\0',1,_binary '',1,1,0,'小时',1,3,3,9,NULL,19,NULL,'2017-09-05 12:18:35','2024-03-08 19:26:35');
INSERT INTO `behavior_template` (`template_id`, `template_name`, `title`, `sql_type`, `sql_content`, `extra_sql`, `date_region`, `status`, `month_stat`, `day_stat`, `hour_stat`, `all_day`, `unit`, `order_index`, `paras`, `level`, `buss_type`, `url`, `source`, `remark`, `created_time`, `modify_time`) VALUES (9,'出差统计','出差',0,'select trip_date as date,\'出差\' as name,days as value from business_trip where user_id=?1 and trip_date>=?2 and trip_date<=?3\n',NULL,_binary '',0,_binary '',1,1,0,'天',1,3,3,9,NULL,0,NULL,'2017-09-05 12:20:00','2024-05-30 09:25:47');
INSERT INTO `behavior_template` (`template_id`, `template_name`, `title`, `sql_type`, `sql_content`, `extra_sql`, `date_region`, `status`, `month_stat`, `day_stat`, `hour_stat`, `all_day`, `unit`, `order_index`, `paras`, `level`, `buss_type`, `url`, `source`, `remark`, `created_time`, `modify_time`) VALUES (12,'操作日志统计','操作日志',0,'select id,occur_start_time as date,\'操作日志\' as name,handle_duration as value,\'毫秒\' as unit ,1 as days,null as content from oper_log where user_id=?1 and occur_start_time>=?2 and occur_start_time<=?3\n','and sys_func_id=?4 ',_binary '\0',0,_binary '',1,1,0,'次',9,3,3,16,'OperLog',22,NULL,'2017-09-07 11:07:10','2024-05-30 09:27:58');
INSERT INTO `behavior_template` (`template_id`, `template_name`, `title`, `sql_type`, `sql_content`, `extra_sql`, `date_region`, `status`, `month_stat`, `day_stat`, `hour_stat`, `all_day`, `unit`, `order_index`, `paras`, `level`, `buss_type`, `url`, `source`, `remark`, `created_time`, `modify_time`) VALUES (14,'用药统计','用药',0,'select tdd.detail_id,tdd.occur_time as date,\'吃药\' as name,tdd.eu as value,tdd.ec as unit,1 as days,td.drug_name as content from treat_drug_detail tdd,treat_drug td where tdd.drug_id=td.drug_id and tdd.user_id=?1 and tdd.occur_time>=?2 and tdd.occur_time<=?3\n',NULL,_binary '\0',1,_binary '',1,1,0,'次',1,3,3,6,'TreatDrug',6,NULL,'2017-09-14 10:56:17','2024-03-08 19:41:27');
INSERT INTO `behavior_template` (`template_id`, `template_name`, `title`, `sql_type`, `sql_content`, `extra_sql`, `date_region`, `status`, `month_stat`, `day_stat`, `hour_stat`, `all_day`, `unit`, `order_index`, `paras`, `level`, `buss_type`, `url`, `source`, `remark`, `created_time`, `modify_time`) VALUES (16,'通用数据统计','通用数据',0,'select cr.data_id,cr.occur_time as date,crt.type_name,cr.value as value,crt.unit,1 as days, cr.data_name as content from common_data cr,common_data_type crt  where cr.type_id = crt.type_id and cr.user_id=?1 and cr.occur_time>=?2 and cr.occur_time<=?3','and cr.type_id=?4',_binary '\0',1,_binary '',1,1,0,'分钟',1,3,3,7,NULL,0,NULL,'2017-10-14 22:13:01','2024-05-30 09:27:24');
INSERT INTO `behavior_template` (`template_id`, `template_name`, `title`, `sql_type`, `sql_content`, `extra_sql`, `date_region`, `status`, `month_stat`, `day_stat`, `hour_stat`, `all_day`, `unit`, `order_index`, `paras`, `level`, `buss_type`, `url`, `source`, `remark`, `created_time`, `modify_time`) VALUES (17,'饮食餐次统计','饮食餐次',0,'select diet_id,occur_time as date,\n    case \n     when diet_type=0 then \'早餐\'\n     when diet_type=1 then \'午餐\'\n     when diet_type=2 then \'晚餐\'\n     when (diet_type=3 and food_type=3) then \'水果\'\n     when (diet_type=3 and food_type=4) then \'零食\'\n     when (diet_type=3 and food_type=5) then \'茶\'\n     else \'其他\' END\n	as name,\n    1 as value,\'次\' as unit,1 as days,foods from diet\nwhere user_id=?1 and occur_time>=?2 and occur_time<=?3\n',NULL,_binary '\0',1,_binary '',1,1,0,'次',16,3,3,11,'Diet',13,NULL,'2019-04-09 08:43:03','2024-03-08 20:11:42');
INSERT INTO `behavior_template` (`template_id`, `template_name`, `title`, `sql_type`, `sql_content`, `extra_sql`, `date_region`, `status`, `month_stat`, `day_stat`, `hour_stat`, `all_day`, `unit`, `order_index`, `paras`, `level`, `buss_type`, `url`, `source`, `remark`, `created_time`, `modify_time`) VALUES (18,'睡觉统计','睡觉',0,'select sleep_id,sleep_time as date,\'睡觉\' as name,\n1 as value,\'点\' as unit,1 as days,\'睡觉\' as content from sleep\nwhere user_id=?1 and sleep_time>=?2 and sleep_time<=?3\n',NULL,_binary '\0',1,_binary '',1,1,0,'次',17,3,3,10,'Sleep',20,NULL,'2019-04-09 09:54:53','2024-03-27 16:30:29');
INSERT INTO `behavior_template` (`template_id`, `template_name`, `title`, `sql_type`, `sql_content`, `extra_sql`, `date_region`, `status`, `month_stat`, `day_stat`, `hour_stat`, `all_day`, `unit`, `order_index`, `paras`, `level`, `buss_type`, `url`, `source`, `remark`, `created_time`, `modify_time`) VALUES (19,'起床统计','起床',0,'select sleep_id,get_up_time as date,\'起床\' as name,\n1 as value,\'点\' as unit,1 as days,\'起床\' as content from sleep\nwhere user_id=?1 and get_up_time>=?2 and get_up_time<=?3\n',NULL,_binary '\0',1,_binary '',1,1,0,'次',18,3,3,10,'Sleep',20,NULL,'2019-04-09 09:55:37','2024-03-08 20:16:31');
INSERT INTO `behavior_template` (`template_id`, `template_name`, `title`, `sql_type`, `sql_content`, `extra_sql`, `date_region`, `status`, `month_stat`, `day_stat`, `hour_stat`, `all_day`, `unit`, `order_index`, `paras`, `level`, `buss_type`, `url`, `source`, `remark`, `created_time`, `modify_time`) VALUES (20,'身体数据统计','身体数据',0,'select id,record_time as date,\'身体数据\' as name,\n1 as value,\'次\' as unit,1 as days,\'身体数据\' as content from body_info\nwhere user_id=?1 and record_time>=?2 and record_time<=?3\n',NULL,_binary '\0',1,_binary '',1,1,0,'次',19,3,3,14,'BodyInfo',15,NULL,'2024-03-08 20:27:43','2024-03-08 20:28:26');

truncate table chart_template;
INSERT INTO `chart_template` (`template_id`, `template_name`, `title`, `para`, `status`, `order_index`, `buss_type`, `level`, `api`, `url`, `date_field`, `date_format`, `chart_type`, `remark`, `created_time`, `modify_time`) VALUES (1,'消费记录实时分析','消费记录实时分析','{}',1,1,0,3,'/consume/analyseStat',NULL,'startDate,endDate','YYYY-MM-DD',0,NULL,'2020-01-18 10:27:15','2024-03-10 21:21:56');
INSERT INTO `chart_template` (`template_id`, `template_name`, `title`, `para`, `status`, `order_index`, `buss_type`, `level`, `api`, `url`, `date_field`, `date_format`, `chart_type`, `remark`, `created_time`, `modify_time`) VALUES (3,'消费统计','消费统计','{\"completeDate\":\"true\"}',1,3,0,3,'/consume/dateStat','ConsumeDateStat','startDate,endDate','YYYY-MM-DD',9,NULL,'2020-01-18 14:06:38','2024-03-06 11:40:20');
INSERT INTO `chart_template` (`template_id`, `template_name`, `title`, `para`, `status`, `order_index`, `buss_type`, `level`, `api`, `url`, `date_field`, `date_format`, `chart_type`, `remark`, `created_time`, `modify_time`) VALUES (4,'账户统计','账户统计','{}',1,4,12,3,'/account/stat','Account',NULL,NULL,0,NULL,'2020-01-18 14:14:00','2024-03-06 12:04:48');
INSERT INTO `chart_template` (`template_id`, `template_name`, `title`, `para`, `status`, `order_index`, `buss_type`, `level`, `api`, `url`, `date_field`, `date_format`, `chart_type`, `remark`, `created_time`, `modify_time`) VALUES (5,'预算统计','预算统计','{}',1,5,12,3,'/budget/stat',NULL,NULL,NULL,0,NULL,'2020-01-18 14:45:55','2024-03-06 12:25:58');
INSERT INTO `chart_template` (`template_id`, `template_name`, `title`, `para`, `status`, `order_index`, `buss_type`, `level`, `api`, `url`, `date_field`, `date_format`, `chart_type`, `remark`, `created_time`, `modify_time`) VALUES (6,'消费标签统计','消费标签统计','{}',1,6,0,3,'/consume/tagsStat','ConsumeTagsStat','startDate,endDate','YYYY-MM-DD',9,NULL,'2020-01-18 14:52:45','2024-03-06 12:37:24');
INSERT INTO `chart_template` (`template_id`, `template_name`, `title`, `para`, `status`, `order_index`, `buss_type`, `level`, `api`, `url`, `date_field`, `date_format`, `chart_type`, `remark`, `created_time`, `modify_time`) VALUES (7,'收入统计','收入统计','{\"accountId\":\"\",\"endDate\":\"{1}\",\"startDate\":\"{0}\",\"status\":\"\"}',1,7,13,3,'/income/stat',NULL,NULL,NULL,0,NULL,'2020-01-18 15:24:50','2024-03-28 15:50:38');
INSERT INTO `chart_template` (`template_id`, `template_name`, `title`, `para`, `status`, `order_index`, `buss_type`, `level`, `api`, `url`, `date_field`, `date_format`, `chart_type`, `remark`, `created_time`, `modify_time`) VALUES (8,'音乐练习统计(某个乐器)','音乐练习统计(某个乐器)','{\"endDate\":\"{1}\",\"musicInstrumentId\":\"{2}\",\"chartType\":\"BAR\",\"compliteDate\":\"false\",\"dateGroupType\":\"MONTH\",\"startDate\":\"{0}\",\"tune\":\"\",\"tuneType\":\"TUNE\"}',1,8,0,3,'/musicPractice/dateStat',NULL,NULL,NULL,9,NULL,'2020-01-18 15:29:06','2021-01-29 11:40:33');
INSERT INTO `chart_template` (`template_id`, `template_name`, `title`, `para`, `status`, `order_index`, `buss_type`, `level`, `api`, `url`, `date_field`, `date_format`, `chart_type`, `remark`, `created_time`, `modify_time`) VALUES (9,'音乐练习曲子统计(某个乐器)','音乐练习曲子统计(某个乐器)','{\"endDate\":\"{1}\",\"musicInstrumentId\":\"{2}\",\"tuneName\":\"\",\"startDate\":\"{0}\",\"tuneType\":\"TUNE\"}',1,9,0,3,'/musicPracticeTune/stat',NULL,NULL,NULL,2,NULL,'2020-01-18 15:34:16',NULL);
INSERT INTO `chart_template` (`template_id`, `template_name`, `title`, `para`, `status`, `order_index`, `buss_type`, `level`, `api`, `url`, `date_field`, `date_format`, `chart_type`, `remark`, `created_time`, `modify_time`) VALUES (10,'梦想统计','梦想统计','{\"groupType\":\"STATUS\",\"endDate\":\"{1}\",\"chartType\":\"PIE\",\"dateQueryType\":\"proposed_date\",\"startDate\":\"{0}\"}',1,10,0,3,'/dream/statList',NULL,NULL,NULL,0,NULL,'2020-01-18 15:44:33',NULL);
INSERT INTO `chart_template` (`template_id`, `template_name`, `title`, `para`, `status`, `order_index`, `buss_type`, `level`, `api`, `url`, `date_field`, `date_format`, `chart_type`, `remark`, `created_time`, `modify_time`) VALUES (11,'锻炼统计(某个运动类型+时间维度)','锻炼统计(某个运动类型+时间维度)','{\"endDate\":\"{1}\",\"fullStat\":\"false\",\"compliteDate\":\"false\",\"dateGroupType\":\"{3}\",\"startDate\":\"{0}\",\"sportTypeId\":\"{2}\"}',1,11,0,3,'/sportExercise/dateStat',NULL,NULL,NULL,9,NULL,'2020-01-18 15:53:16','2021-01-29 11:39:23');
INSERT INTO `chart_template` (`template_id`, `template_name`, `title`, `para`, `status`, `order_index`, `buss_type`, `level`, `api`, `url`, `date_field`, `date_format`, `chart_type`, `remark`, `created_time`, `modify_time`) VALUES (12,'看病分析(某个分组类型)','看病分析(某个分组类型)','{\"groupField\":\"{2}\",\"groupType\":\"COUNT\",\"endDate\":\"{1}\",\"feeField\":\"total_fee\",\"chartType\":\"PIE\",\"name\":\"\",\"treatType\":\"\",\"sick\":\"\",\"startDate\":\"{0}\"}',1,12,0,3,'/treatRecord/analyseStat',NULL,NULL,NULL,0,NULL,'2020-01-18 21:22:50',NULL);
INSERT INTO `chart_template` (`template_id`, `template_name`, `title`, `para`, `status`, `order_index`, `buss_type`, `level`, `api`, `url`, `date_field`, `date_format`, `chart_type`, `remark`, `created_time`, `modify_time`) VALUES (13,'看病统计(时间维度)','看病统计(时间维度)','{\"disease\":\"\",\"endDate\":\"{1}\",\"feeField\":\"total_fee\",\"name\":\"\",\"chartType\":\"BAR\",\"compliteDate\":\"false\",\"treatType\":\"\",\"dateGroupType\":\"{2}\",\"startDate\":\"{0}\"}',1,12,0,3,'/treatRecord/dateStat',NULL,NULL,NULL,9,NULL,'2020-01-18 21:27:41','2021-01-29 11:39:30');
INSERT INTO `chart_template` (`template_id`, `template_name`, `title`, `para`, `status`, `order_index`, `buss_type`, `level`, `api`, `url`, `date_field`, `date_format`, `chart_type`, `remark`, `created_time`, `modify_time`) VALUES (14,'身体基本情况统计(时间维度)','身体基本情况统计(时间维度)','{\"endDate\":\"{1}\",\"chartType\":\"LINE\",\"compliteDate\":\"false\",\"dateGroupType\":\"{2}\",\"startDate\":\"{0}\"}',1,14,0,3,'/bodyBasicInfo/dateStat',NULL,NULL,NULL,9,NULL,'2020-01-18 21:37:14','2021-01-29 11:39:35');
INSERT INTO `chart_template` (`template_id`, `template_name`, `title`, `para`, `status`, `order_index`, `buss_type`, `level`, `api`, `url`, `date_field`, `date_format`, `chart_type`, `remark`, `created_time`, `modify_time`) VALUES (15,'身体不适分析(某个分组类型)','身体不适分析(某个分组类型)','{\"groupField\":\"{2}\",\"endDate\":\"{1}\",\"chartType\":\"PIE\",\"startDate\":\"{0}\"}',1,15,0,3,'/bodyAbnormalRecord/stat',NULL,NULL,NULL,0,NULL,'2020-01-18 22:06:40',NULL);
INSERT INTO `chart_template` (`template_id`, `template_name`, `title`, `para`, `status`, `order_index`, `buss_type`, `level`, `api`, `url`, `date_field`, `date_format`, `chart_type`, `remark`, `created_time`, `modify_time`) VALUES (16,'身体不适分析(时间维度)','身体不适分析(时间维度)','{\"disease\":\"\",\"endDate\":\"{1}\",\"name\":\"\",\"chartType\":\"BAR\",\"compliteDate\":\"false\",\"dateGroupType\":\"{2}\",\"startDate\":\"{0}\"}',1,16,0,3,'/bodyAbnormalRecord/dateStat',NULL,NULL,NULL,9,NULL,'2020-01-18 22:15:08','2021-01-29 11:39:41');
INSERT INTO `chart_template` (`template_id`, `template_name`, `title`, `para`, `status`, `order_index`, `buss_type`, `level`, `api`, `url`, `date_field`, `date_format`, `chart_type`, `remark`, `created_time`, `modify_time`) VALUES (17,'睡眠分析','睡眠分析','{\"ygroupType\":\"{3}\",\"endDate\":\"{1}\",\"xgroupType\":\"{2}\",\"startDate\":\"{0}\"}',1,17,0,3,'/sleep/analyseSat',NULL,NULL,NULL,6,NULL,'2020-01-18 22:30:00',NULL);
INSERT INTO `chart_template` (`template_id`, `template_name`, `title`, `para`, `status`, `order_index`, `buss_type`, `level`, `api`, `url`, `date_field`, `date_format`, `chart_type`, `remark`, `created_time`, `modify_time`) VALUES (18,'人生经历统计(时间维度)','人生经历统计(时间维度)','{\"endDate\":\"{1}\",\"compliteDate\":\"false\",\"dateGroupType\":\"{2}\",\"startDate\":\"{0}\"}',1,18,0,3,'/lifeExperience/dateStat',NULL,NULL,NULL,9,NULL,'2020-01-19 13:26:48','2021-01-29 11:39:45');
INSERT INTO `chart_template` (`template_id`, `template_name`, `title`, `para`, `status`, `order_index`, `buss_type`, `level`, `api`, `url`, `date_field`, `date_format`, `chart_type`, `remark`, `created_time`, `modify_time`) VALUES (19,'阅读统计(时间维度)','阅读统计(时间维度)','{\"endDate\":\"{1}\",\"chartType\":\"LINE\",\"compliteDate\":\"false\",\"dateGroupType\":\"{2}\",\"startDate\":\"{0}\"}',1,19,0,3,'/readingRecord/dateStat',NULL,NULL,NULL,1,NULL,'2020-01-19 14:05:19',NULL);
INSERT INTO `chart_template` (`template_id`, `template_name`, `title`, `para`, `status`, `order_index`, `buss_type`, `level`, `api`, `url`, `date_field`, `date_format`, `chart_type`, `remark`, `created_time`, `modify_time`) VALUES (20,'阅读分析(某个分组类型)','阅读分析(某个分组类型)','{\"groupType\":\"{2}\",\"endDate\":\"{1}\",\"dateQueryType\":\"finished_date\",\"startDate\":\"{0}\",\"status\":\"\"}',1,20,0,3,'/readingRecord/analyseStat',NULL,NULL,NULL,0,NULL,'2020-01-19 14:08:42',NULL);
INSERT INTO `chart_template` (`template_id`, `template_name`, `title`, `para`, `status`, `order_index`, `buss_type`, `level`, `api`, `url`, `date_field`, `date_format`, `chart_type`, `remark`, `created_time`, `modify_time`) VALUES (21,'加班统计(时间维度)','加班统计(时间维度)','{\"endDate\":\"{1}\",\"chartType\":\"BAR\",\"compliteDate\":\"false\",\"dateGroupType\":\"{2}\",\"startDate\":\"{0}\"}',1,21,0,3,'/workOvertime/dateStat',NULL,NULL,NULL,9,NULL,'2020-01-19 14:16:04','2021-01-29 11:39:16');
INSERT INTO `chart_template` (`template_id`, `template_name`, `title`, `para`, `status`, `order_index`, `buss_type`, `level`, `api`, `url`, `date_field`, `date_format`, `chart_type`, `remark`, `created_time`, `modify_time`) VALUES (22,'饮食价格分析(时间维度)','饮食价格分析(时间维度)','{\"endDate\":\"{1}\",\"foodType\":\"\",\"minPrice\":\"0\",\"dietType\":\"\",\"compliteDate\":\"false\",\"dateGroupTypeStr\":\"{2}\",\"startDate\":\"{0}\",\"dietSource\":\"\"}',1,22,0,3,'/diet/priceAnalyse',NULL,NULL,NULL,9,NULL,'2020-01-19 14:26:16','2021-01-29 11:38:57');
INSERT INTO `chart_template` (`template_id`, `template_name`, `title`, `para`, `status`, `order_index`, `buss_type`, `level`, `api`, `url`, `date_field`, `date_format`, `chart_type`, `remark`, `created_time`, `modify_time`) VALUES (23,'通用记录统计(某个类型+时间维度)','通用记录统计(某个类型+时间维度)','{\"CommonRecordTypeId\":\"{2}\",\"endDate\":\"{1}\",\"name\":\"\",\"compliteDate\":\"false\",\"dateGroupType\":\"{3}\",\"startDate\":\"{0}\"}',1,23,0,3,'/commonRecord/dateStat',NULL,NULL,NULL,9,NULL,'2020-01-19 14:29:47','2021-01-29 11:37:42');
INSERT INTO `chart_template` (`template_id`, `template_name`, `title`, `para`, `status`, `order_index`, `buss_type`, `level`, `api`, `url`, `date_field`, `date_format`, `chart_type`, `remark`, `created_time`, `modify_time`) VALUES (24,'用户行为分析(月报)','用户行为分析(月报)','{\"date\":\"{0}\",\"dataType\":\"\",\"name\":\"\",\"userBehaviorId\":\"\",\"dateGroupType\":\"MONTH\"}',1,24,0,3,'/userBehavior/stat',NULL,NULL,NULL,8,NULL,'2020-01-19 14:39:26',NULL);
INSERT INTO `chart_template` (`template_id`, `template_name`, `title`, `para`, `status`, `order_index`, `buss_type`, `level`, `api`, `url`, `date_field`, `date_format`, `chart_type`, `remark`, `created_time`, `modify_time`) VALUES (25,'八小时外分析','八小时外分析','{\"dataGroup\":\"DETAIL\",\"endDate\":\"{1}\",\"chartType\":\"PIE\",\"type\":\"MINUTES\",\"startDate\":\"{0}\"}',1,25,0,3,'/dataAnalyse/afterEightHourAnalyseStat',NULL,NULL,NULL,0,NULL,'2020-01-19 14:49:55',NULL);
INSERT INTO `chart_template` (`template_id`, `template_name`, `title`, `para`, `status`, `order_index`, `buss_type`, `level`, `api`, `url`, `date_field`, `date_format`, `chart_type`, `remark`, `created_time`, `modify_time`) VALUES (26,'用户评分统计','用户评分统计','{\"minScore\":\"\",\"endDate\":\"{1}\",\"chartType\":\"LINE\",\"maxScore\":\"\",\"startDate\":\"{0}\"}',1,26,0,3,'/userScore/stat',NULL,NULL,NULL,1,NULL,'2020-01-19 14:52:47',NULL);
INSERT INTO `chart_template` (`template_id`, `template_name`, `title`, `para`, `status`, `order_index`, `buss_type`, `level`, `api`, `url`, `date_field`, `date_format`, `chart_type`, `remark`, `created_time`, `modify_time`) VALUES (27,'用户积分统计(时间维度)','用户积分统计(时间维度)','{\"endDate\":\"{1}\",\"dateGroupType\":\"{2}\",\"startDate\":\"{0}\"}',1,27,0,3,'/userRewardPointRecord/pointsTimelineStat',NULL,NULL,NULL,9,NULL,'2020-01-19 14:55:52','2021-01-29 11:38:22');

truncate table plan_template;

INSERT INTO `plan_template` (`template_id`, `template_name`, `title`, `sql_type`, `sql_content`, `unit`, `status`, `order_index`, `paras`, `buss_type`, `level`, `rewards`, `source`, `calendar_title`, `url`, `remark`, `created_time`, `modify_time`) VALUES (3,'读书计划','{周期}读书计划',0,'select count(0) as c,count(0) as vv from book \nwhere status=2 and user_id=?1 and finish_date>=?2 and finish_date<=?3','本',1,3,3,4,3,10,17,NULL,'Book','统计值为已经完成阅读的本数','2017-08-27 16:53:18','2024-05-30 14:24:17');
INSERT INTO `plan_template` (`template_id`, `template_name`, `title`, `sql_type`, `sql_content`, `unit`, `status`, `order_index`, `paras`, `buss_type`, `level`, `rewards`, `source`, `calendar_title`, `url`, `remark`, `created_time`, `modify_time`) VALUES (4,'某项乐器练习计划','{周期}某项乐器练习计划',0,'select count(*) as c,floor(sum(minutes)/60) as resultValue from music_practice \nwhere user_id=?1 and practice_date>=?2 and practice_date<=?3\n','小时',1,4,3,3,3,10,18,NULL,'MusicPractice','统计值为练习次数+练习时长(小时)','2017-08-27 17:25:41','2024-05-30 14:24:36');
INSERT INTO `plan_template` (`template_id`, `template_name`, `title`, `sql_type`, `sql_content`, `unit`, `status`, `order_index`, `paras`, `buss_type`, `level`, `rewards`, `source`, `calendar_title`, `url`, `remark`, `created_time`, `modify_time`) VALUES (5,'看病限制计划','{周期}看病限制计划',0,'select count(0) as c,round(sum(total_fee)) as resultValue from treat where user_id=?1 and treat_time>=?2 and treat_time<=?3','元',1,5,3,6,3,10,14,NULL,'Treat','统计值为次数和总的金额（个人支付+医保支付）','2017-08-27 17:41:48','2024-05-30 14:24:53');
INSERT INTO `plan_template` (`template_id`, `template_name`, `title`, `sql_type`, `sql_content`, `unit`, `status`, `order_index`, `paras`, `buss_type`, `level`, `rewards`, `source`, `calendar_title`, `url`, `remark`, `created_time`, `modify_time`) VALUES (12,'旅行计划','周期旅行计划',0,'select count(0) as c,sum(days) as resultValue from experience \nwhere type=2 and user_id=?1 and start_date>=?2 and start_date<=?3','天',1,7,3,2,3,10,12,NULL,'Experience','统计值为次数+天数','2017-08-28 13:32:29','2024-05-30 14:29:08');
INSERT INTO `plan_template` (`template_id`, `template_name`, `title`, `sql_type`, `sql_content`, `unit`, `status`, `order_index`, `paras`, `buss_type`, `level`, `rewards`, `source`, `calendar_title`, `url`, `remark`, `created_time`, `modify_time`) VALUES (13,'梦想实现计划','{梦想}梦想实现计划',0,'select count(*) as c,count(0) as v  from dream \nwhere status=2 and user_id=?1 and finish_date>=?2 and finish_date<=?3','个',1,8,1,1,3,10,9,NULL,'Dream','统计数据为梦想个数','2017-08-28 13:40:11','2024-03-08 17:39:51');
INSERT INTO `plan_template` (`template_id`, `template_name`, `title`, `sql_type`, `sql_content`, `unit`, `status`, `order_index`, `paras`, `buss_type`, `level`, `rewards`, `source`, `calendar_title`, `url`, `remark`, `created_time`, `modify_time`) VALUES (14,'用药限制计划','{周期}用药限制计划',0,'select count(0) as cc,sum(td.amount) as vv from treat_drug td,treat tr \nwhere td.treat_id=tr.treat_id and tr.user_id=?1 and tr.treat_time>=?2 and tr.treat_time<=?3','个',1,8,3,6,3,10,6,NULL,'TreatDrug','统计数据为次数+数量','2017-08-28 14:24:02','2024-05-30 14:30:09');
INSERT INTO `plan_template` (`template_id`, `template_name`, `title`, `sql_type`, `sql_content`, `unit`, `status`, `order_index`, `paras`, `buss_type`, `level`, `rewards`, `source`, `calendar_title`, `url`, `remark`, `created_time`, `modify_time`) VALUES (17,'某项手术限制计划','{周期}某项手术限制计划',0,'select count(0) as cc,round(sum(t1.fee)) as vv from treat_operation t1,treat t2 where t1.treat_id=t2.treat_id and  t2.user_id=?1 and t2.treat_time>=?2 and t2.treat_time<=?3','元',1,5,3,6,3,10,5,'','TreatOperation','统计内容为次数+费用','2017-08-28 16:33:00','2024-05-30 14:25:18');
INSERT INTO `plan_template` (`template_id`, `template_name`, `title`, `sql_type`, `sql_content`, `unit`, `status`, `order_index`, `paras`, `buss_type`, `level`, `rewards`, `source`, `calendar_title`, `url`, `remark`, `created_time`, `modify_time`) VALUES (23,'加班限制计划','{周期}加班限制计划',0,'select count(0) as c,round(sum(hours)) as resultValue from work_overtime where user_id=?1 and work_date>=?2 and work_date<=?3','小时',1,6,3,9,3,10,19,NULL,'WorkOvertime','统计内容为次数+小时','2017-09-05 12:34:29','2024-05-30 14:29:11');
INSERT INTO `plan_template` (`template_id`, `template_name`, `title`, `sql_type`, `sql_content`, `unit`, `status`, `order_index`, `paras`, `buss_type`, `level`, `rewards`, `source`, `calendar_title`, `url`, `remark`, `created_time`, `modify_time`) VALUES (25,'锻炼计划','{周期}锻炼计划',0,'select count(0) as c,round(sum(duration)/60) as resultValue from exercise where user_id=?1 and exercise_time>=?2 and exercise_time<=?3','小时',1,1,1,5,3,10,11,'注意锻炼身体','Exercise','统计值为锻炼次数+锻炼时长(小时)','2017-11-04 21:20:28','2024-03-08 17:36:28');
INSERT INTO `plan_template` (`template_id`, `template_name`, `title`, `sql_type`, `sql_content`, `unit`, `status`, `order_index`, `paras`, `buss_type`, `level`, `rewards`, `source`, `calendar_title`, `url`, `remark`, `created_time`, `modify_time`) VALUES (26,'某项通用记录计划','{周期}某项通用记录计划',0,'select count(0) as c,sum(value) as resultValue from common_data  where user_id=?1 and occur_time>=?2 and occur_time<=?3','x小时',1,7,3,7,3,10,3,NULL,'CommonData',NULL,'2017-11-17 19:35:03','2024-05-30 14:29:32');
INSERT INTO `plan_template` (`template_id`, `template_name`, `title`, `sql_type`, `sql_content`, `unit`, `status`, `order_index`, `paras`, `buss_type`, `level`, `rewards`, `source`, `calendar_title`, `url`, `remark`, `created_time`, `modify_time`) VALUES (27,'某项运动计划','{周期}某项运动计划',0,'select count(*) as c,round(sum(value)) as resultValue from exercise \nwhere  user_id=?1 and exercise_time>=?2 and exercise_time<=?3','公里',1,1,3,5,3,10,11,'锻炼身体','Exercise','','2017-11-19 21:49:01','2024-05-30 14:15:09');
INSERT INTO `plan_template` (`template_id`, `template_name`, `title`, `sql_type`, `sql_content`, `unit`, `status`, `order_index`, `paras`, `buss_type`, `level`, `rewards`, `source`, `calendar_title`, `url`, `remark`, `created_time`, `modify_time`) VALUES (28,'某项消费记录计划','{周期}某项消费记录计划',0,'select count(*) as c,round(sum(total_price)) as resultValue from consume where user_id=?1 and buy_time>=?2 and buy_time<=?3','元',1,8,3,0,3,10,0,NULL,'Consume','统计值为次数+消费值','2017-11-22 22:51:19','2024-05-30 14:30:39');
INSERT INTO `plan_template` (`template_id`, `template_name`, `title`, `sql_type`, `sql_content`, `unit`, `status`, `order_index`, `paras`, `buss_type`, `level`, `rewards`, `source`, `calendar_title`, `url`, `remark`, `created_time`, `modify_time`) VALUES (29,'睡觉时长计划','{周期}睡觉时长计划',0,'select count(0) as c, count(0) as vv from sleep \nwhere user_id=?1 and sleep_date>=?2 and sleep_date<=?3','次',1,1,3,10,3,10,0,NULL,'Sleep','统计值为睡眠时长小于指定值的次数','2018-02-17 23:50:58','2024-05-30 14:15:46');
INSERT INTO `plan_template` (`template_id`, `template_name`, `title`, `sql_type`, `sql_content`, `unit`, `status`, `order_index`, `paras`, `buss_type`, `level`, `rewards`, `source`, `calendar_title`, `url`, `remark`, `created_time`, `modify_time`) VALUES (30,'早睡计划','{周期}早睡计划',0,'select count(0) as c, count(0) as vv  from sleep where user_id=?1 and sleep_time>=?2 and sleep_time<=?3','次',1,1,3,10,3,10,20,NULL,'Sleep','统计值为超出某个时辰的睡眠数量','2018-02-20 14:30:37','2024-05-30 14:23:47');
INSERT INTO `plan_template` (`template_id`, `template_name`, `title`, `sql_type`, `sql_content`, `unit`, `status`, `order_index`, `paras`, `buss_type`, `level`, `rewards`, `source`, `calendar_title`, `url`, `remark`, `created_time`, `modify_time`) VALUES (31,'消费预算','{周期}消费预算',0,'select count(*) as c,round(sum(total_price)) as resultValue from consume where user_id=?1 and buy_time>=?2 and buy_time<=?3','元',1,21,1,12,3,10,4,NULL,'Consume',NULL,'2019-02-04 16:28:12','2024-03-08 17:40:09');

truncate table stat_bind_config;

INSERT INTO `stat_bind_config` (`config_id`, `config_name`, `type`, `source`, `value_class`, `fid`, `config_value`, `enum_id_type`, `cascade_type`, `bind_user`, `tree`, `form_field`, `default_value`, `nullable`, `order_index`, `msg`, `remark`, `created_time`, `modify_time`) VALUES (1,'运动类型',2,0,0,27,'select sport_id,sport_name from sport where user_id =?1',NULL,0,1,0,'sport_id=',NULL,0,1,'请先去设置运动类型',NULL,NULL,'2024-05-31 09:28:30');
INSERT INTO `stat_bind_config` (`config_id`, `config_name`, `type`, `source`, `value_class`, `fid`, `config_value`, `enum_id_type`, `cascade_type`, `bind_user`, `tree`, `form_field`, `default_value`, `nullable`, `order_index`, `msg`, `remark`, `created_time`, `modify_time`) VALUES (3,'乐器',2,0,0,4,'select instrument_id,instrument_name from instrument where user_id =?1 order by order_index',NULL,0,1,0,'instrument_id=',NULL,0,1,'请先去设置乐器种类',NULL,NULL,'2024-05-31 09:29:28');
INSERT INTO `stat_bind_config` (`config_id`, `config_name`, `type`, `source`, `value_class`, `fid`, `config_value`, `enum_id_type`, `cascade_type`, `bind_user`, `tree`, `form_field`, `default_value`, `nullable`, `order_index`, `msg`, `remark`, `created_time`, `modify_time`) VALUES (6,'类型',2,0,0,26,'select type_id,type_name from common_data_type where user_id =?1 order by order_index',NULL,0,1,0,'type_id=',NULL,0,1,'请先去设置通用记录种类',NULL,NULL,'2024-05-31 09:29:58');
INSERT INTO `stat_bind_config` (`config_id`, `config_name`, `type`, `source`, `value_class`, `fid`, `config_value`, `enum_id_type`, `cascade_type`, `bind_user`, `tree`, `form_field`, `default_value`, `nullable`, `order_index`, `msg`, `remark`, `created_time`, `modify_time`) VALUES (9,'手术名称',2,0,3,17,'select name as id,name as name from (SELECT distinct operation_name as name FROM treat_operation where user_id =?1 ) as aa',NULL,0,1,0,'t1.operation_name=',NULL,0,1,'请先去记录手术信息',NULL,NULL,'2024-05-31 09:29:42');
INSERT INTO `stat_bind_config` (`config_id`, `config_name`, `type`, `source`, `value_class`, `fid`, `config_value`, `enum_id_type`, `cascade_type`, `bind_user`, `tree`, `form_field`, `default_value`, `nullable`, `order_index`, `msg`, `remark`, `created_time`, `modify_time`) VALUES (10,'商品类型',2,0,0,28,'select type_id,type_name,pid from goods_type where user_id =?1  order by order_index',NULL,0,1,0,'goods_type_id=',NULL,0,1,'请先去设置商品类型',NULL,NULL,'2024-05-31 09:30:10');
INSERT INTO `stat_bind_config` (`config_id`, `config_name`, `type`, `source`, `value_class`, `fid`, `config_value`, `enum_id_type`, `cascade_type`, `bind_user`, `tree`, `form_field`, `default_value`, `nullable`, `order_index`, `msg`, `remark`, `created_time`, `modify_time`) VALUES (11,'乐器',0,0,0,2,'select instrument_id,instrument_name from instrument where user_id=?1  order by order_index',NULL,0,1,0,'instrument_id=',NULL,0,1,'请选择乐器',NULL,NULL,'2024-05-31 09:38:53');
INSERT INTO `stat_bind_config` (`config_id`, `config_name`, `type`, `source`, `value_class`, `fid`, `config_value`, `enum_id_type`, `cascade_type`, `bind_user`, `tree`, `form_field`, `default_value`, `nullable`, `order_index`, `msg`, `remark`, `created_time`, `modify_time`) VALUES (12,'医院科室',0,0,3,4,'select department as id,department as name from (select distinct department from treat where user_id =?1 ) as aa',NULL,0,1,0,'department=',NULL,0,1,'请选择医院科室',NULL,NULL,'2024-05-31 09:38:44');
INSERT INTO `stat_bind_config` (`config_id`, `config_name`, `type`, `source`, `value_class`, `fid`, `config_value`, `enum_id_type`, `cascade_type`, `bind_user`, `tree`, `form_field`, `default_value`, `nullable`, `order_index`, `msg`, `remark`, `created_time`, `modify_time`) VALUES (13,'乐器',0,0,0,16,'select instrument_id,instrument_name from instrument where user_id =?1 order by order_index',NULL,0,1,0,'instrument_id=',NULL,0,1,'请先去设置乐器种类',NULL,NULL,'2024-05-31 09:37:48');
INSERT INTO `stat_bind_config` (`config_id`, `config_name`, `type`, `source`, `value_class`, `fid`, `config_value`, `enum_id_type`, `cascade_type`, `bind_user`, `tree`, `form_field`, `default_value`, `nullable`, `order_index`, `msg`, `remark`, `created_time`, `modify_time`) VALUES (14,'运动',0,0,0,11,'select sport_id,sport_name from sport where user_id =?1',NULL,0,1,0,'sport_id=',NULL,0,1,'请先去设置运动类型',NULL,NULL,'2024-05-31 09:38:09');
INSERT INTO `stat_bind_config` (`config_id`, `config_name`, `type`, `source`, `value_class`, `fid`, `config_value`, `enum_id_type`, `cascade_type`, `bind_user`, `tree`, `form_field`, `default_value`, `nullable`, `order_index`, `msg`, `remark`, `created_time`, `modify_time`) VALUES (15,'手术名称',0,0,3,8,'select operation_name as id,operation_name as name from (SELECT distinct operation_name FROM treat_operation where user_id =?1 ) as aa',NULL,0,1,0,'t1.operation_name=',NULL,0,1,'请先去记录手术信息',NULL,NULL,'2024-05-31 09:38:21');
INSERT INTO `stat_bind_config` (`config_id`, `config_name`, `type`, `source`, `value_class`, `fid`, `config_value`, `enum_id_type`, `cascade_type`, `bind_user`, `tree`, `form_field`, `default_value`, `nullable`, `order_index`, `msg`, `remark`, `created_time`, `modify_time`) VALUES (16,'运动类型',0,0,0,1,'select sport_id,sport_name from sport where user_id =?1',NULL,0,1,0,'sport_id=',NULL,0,1,'请先去设置运动类型',NULL,NULL,'2024-05-31 09:38:59');
INSERT INTO `stat_bind_config` (`config_id`, `config_name`, `type`, `source`, `value_class`, `fid`, `config_value`, `enum_id_type`, `cascade_type`, `bind_user`, `tree`, `form_field`, `default_value`, `nullable`, `order_index`, `msg`, `remark`, `created_time`, `modify_time`) VALUES (17,'运动类型',0,0,0,21,'select sport_id,sport_name from sport where user_id =?1',NULL,0,1,0,'sport_id=',NULL,0,1,'请先去设置运动类型',NULL,NULL,'2024-05-31 09:37:36');
INSERT INTO `stat_bind_config` (`config_id`, `config_name`, `type`, `source`, `value_class`, `fid`, `config_value`, `enum_id_type`, `cascade_type`, `bind_user`, `tree`, `form_field`, `default_value`, `nullable`, `order_index`, `msg`, `remark`, `created_time`, `modify_time`) VALUES (18,'餐次类型',0,1,2,22,'DietType',1,0,0,0,'diet_type=',NULL,0,1,'请选择餐次',NULL,NULL,'2024-05-31 09:37:27');
INSERT INTO `stat_bind_config` (`config_id`, `config_name`, `type`, `source`, `value_class`, `fid`, `config_value`, `enum_id_type`, `cascade_type`, `bind_user`, `tree`, `form_field`, `default_value`, `nullable`, `order_index`, `msg`, `remark`, `created_time`, `modify_time`) VALUES (25,'人生经历类型',3,0,0,3,'select 0 as id,\'生活\' as name from dual\r\nunion\r\nselect 1 as id,\'工作\' as name from dual\r\nunion\r\nselect 2 as id,\'旅行\' as name from dual\r\nunion\r\nselect 3 as id,\'读书\' as name from dual',NULL,0,0,0,'type=',NULL,0,1,'请设置人生经历类型',NULL,NULL,'2024-05-31 09:25:44');
INSERT INTO `stat_bind_config` (`config_id`, `config_name`, `type`, `source`, `value_class`, `fid`, `config_value`, `enum_id_type`, `cascade_type`, `bind_user`, `tree`, `form_field`, `default_value`, `nullable`, `order_index`, `msg`, `remark`, `created_time`, `modify_time`) VALUES (26,'商品大类',3,0,1,10,'select id,name from goods_type where pid=0 and user_id ={user_id} order by order_index',NULL,0,1,0,NULL,NULL,0,1,'请先去设置商品类型',NULL,NULL,NULL);
INSERT INTO `stat_bind_config` (`config_id`, `config_name`, `type`, `source`, `value_class`, `fid`, `config_value`, `enum_id_type`, `cascade_type`, `bind_user`, `tree`, `form_field`, `default_value`, `nullable`, `order_index`, `msg`, `remark`, `created_time`, `modify_time`) VALUES (27,'商品类型一级分类',3,0,1,11,'select id,name from goods_type where pid=0 and user_id ={user_id} order by order_index',NULL,1,1,0,NULL,NULL,0,1,'请先去设置商品类型',NULL,NULL,NULL);
INSERT INTO `stat_bind_config` (`config_id`, `config_name`, `type`, `source`, `value_class`, `fid`, `config_value`, `enum_id_type`, `cascade_type`, `bind_user`, `tree`, `form_field`, `default_value`, `nullable`, `order_index`, `msg`, `remark`, `created_time`, `modify_time`) VALUES (28,'商品类型二级分类',3,0,1,11,'select id,name from goods_type where pid>0 and user_id ={user_id} order by order_index',NULL,2,1,0,NULL,NULL,0,2,'请先去设置商品子类型',NULL,NULL,NULL);
INSERT INTO `stat_bind_config` (`config_id`, `config_name`, `type`, `source`, `value_class`, `fid`, `config_value`, `enum_id_type`, `cascade_type`, `bind_user`, `tree`, `form_field`, `default_value`, `nullable`, `order_index`, `msg`, `remark`, `created_time`, `modify_time`) VALUES (29,'睡眠时长',2,0,0,29,'select 480 as id,\'8小时\' as name from dual\nunion\nselect 420 as id,\'7小时\' as name from dual\nunion\nselect 360 as id,\'6小时\' as name from dual\nunion\nselect 300 as id,\'5小时\' as name from dual',NULL,0,0,0,'duration<',NULL,0,1,'请选择时长',NULL,NULL,'2024-05-31 09:28:43');
INSERT INTO `stat_bind_config` (`config_id`, `config_name`, `type`, `source`, `value_class`, `fid`, `config_value`, `enum_id_type`, `cascade_type`, `bind_user`, `tree`, `form_field`, `default_value`, `nullable`, `order_index`, `msg`, `remark`, `created_time`, `modify_time`) VALUES (30,'餐次类型',0,1,2,26,'DietType',1,0,0,0,'diet_type=',NULL,0,1,'请选择餐次',NULL,NULL,'2024-05-31 09:37:05');
INSERT INTO `stat_bind_config` (`config_id`, `config_name`, `type`, `source`, `value_class`, `fid`, `config_value`, `enum_id_type`, `cascade_type`, `bind_user`, `tree`, `form_field`, `default_value`, `nullable`, `order_index`, `msg`, `remark`, `created_time`, `modify_time`) VALUES (31,'睡眠时辰',2,0,1,30,'select 23 as id,\'23点\' as name from dual\r\nunion select 22 as id,\'22点\' as name from dual\r\nunion select 21 as id,\'21点\' as name from dual\r\nunion select 20 as id,\'20点\' as name from dual',NULL,0,0,0,'hour(sleep_time)<',NULL,0,1,'请选择',NULL,NULL,'2024-05-31 09:29:15');
INSERT INTO `stat_bind_config` (`config_id`, `config_name`, `type`, `source`, `value_class`, `fid`, `config_value`, `enum_id_type`, `cascade_type`, `bind_user`, `tree`, `form_field`, `default_value`, `nullable`, `order_index`, `msg`, `remark`, `created_time`, `modify_time`) VALUES (33,'类型',0,0,0,27,'select type_id,type_name from common_data_type where user_id =?1 order by order_index',NULL,0,1,0,'type_id=',NULL,0,1,'请先去设置通用记录种类',NULL,NULL,'2024-05-31 09:36:53');
INSERT INTO `stat_bind_config` (`config_id`, `config_name`, `type`, `source`, `value_class`, `fid`, `config_value`, `enum_id_type`, `cascade_type`, `bind_user`, `tree`, `form_field`, `default_value`, `nullable`, `order_index`, `msg`, `remark`, `created_time`, `modify_time`) VALUES (35,'看病类型',0,1,0,34,'TreatType',1,0,0,0,'treat_type=',NULL,0,1,'请选择看病类型',NULL,NULL,'2024-05-31 09:36:31');
INSERT INTO `stat_bind_config` (`config_id`, `config_name`, `type`, `source`, `value_class`, `fid`, `config_value`, `enum_id_type`, `cascade_type`, `bind_user`, `tree`, `form_field`, `default_value`, `nullable`, `order_index`, `msg`, `remark`, `created_time`, `modify_time`) VALUES (39,'食物来源',0,1,2,40,'DietSource',1,0,0,0,'a.diet_source=',NULL,0,1,'请选择食物来源',NULL,NULL,'2024-05-31 09:36:10');
INSERT INTO `stat_bind_config` (`config_id`, `config_name`, `type`, `source`, `value_class`, `fid`, `config_value`, `enum_id_type`, `cascade_type`, `bind_user`, `tree`, `form_field`, `default_value`, `nullable`, `order_index`, `msg`, `remark`, `created_time`, `modify_time`) VALUES (71,'关键字',0,4,3,45,NULL,NULL,0,1,0,'goods_name like',NULL,0,1,'请输入关键字',NULL,'2024-02-28 14:34:45','2024-05-31 09:35:49');
INSERT INTO `stat_bind_config` (`config_id`, `config_name`, `type`, `source`, `value_class`, `fid`, `config_value`, `enum_id_type`, `cascade_type`, `bind_user`, `tree`, `form_field`, `default_value`, `nullable`, `order_index`, `msg`, `remark`, `created_time`, `modify_time`) VALUES (72,'国家',0,0,0,14,'select country_id,cn_name from country order by order_index',NULL,0,0,0,'arrive_country_id=',NULL,0,1,'请选择国家',NULL,'2024-02-28 15:25:34','2024-05-31 09:38:02');
INSERT INTO `stat_bind_config` (`config_id`, `config_name`, `type`, `source`, `value_class`, `fid`, `config_value`, `enum_id_type`, `cascade_type`, `bind_user`, `tree`, `form_field`, `default_value`, `nullable`, `order_index`, `msg`, `remark`, `created_time`, `modify_time`) VALUES (73,'类型',0,1,2,7,'ExperienceType',1,0,1,0,'type=',NULL,0,1,'请选择类型',NULL,'2024-02-28 15:40:10','2024-05-31 09:38:29');
INSERT INTO `stat_bind_config` (`config_id`, `config_name`, `type`, `source`, `value_class`, `fid`, `config_value`, `enum_id_type`, `cascade_type`, `bind_user`, `tree`, `form_field`, `default_value`, `nullable`, `order_index`, `msg`, `remark`, `created_time`, `modify_time`) VALUES (98,'运动类型',3,0,0,2,'select sport_id,sport_name from sport where user_id =?1',NULL,0,1,0,'mp.sport_id=',NULL,0,1,'请选择运动类型',NULL,'2024-03-06 16:32:33','2024-05-31 09:24:07');
INSERT INTO `stat_bind_config` (`config_id`, `config_name`, `type`, `source`, `value_class`, `fid`, `config_value`, `enum_id_type`, `cascade_type`, `bind_user`, `tree`, `form_field`, `default_value`, `nullable`, `order_index`, `msg`, `remark`, `created_time`, `modify_time`) VALUES (99,'商品类型',3,0,0,6,'select type_id,type_name,pid from goods_type where user_id =?1  order by order_index',NULL,0,1,0,'goods_type_id=',NULL,0,1,'请选择商品类型',NULL,'2024-03-08 17:58:43','2024-05-31 09:24:23');
INSERT INTO `stat_bind_config` (`config_id`, `config_name`, `type`, `source`, `value_class`, `fid`, `config_value`, `enum_id_type`, `cascade_type`, `bind_user`, `tree`, `form_field`, `default_value`, `nullable`, `order_index`, `msg`, `remark`, `created_time`, `modify_time`) VALUES (100,'消费来源',3,0,0,6,'select source_id,source_name from consume_source where user_id=?1 order by order_index ',NULL,0,1,0,'source_id=',NULL,0,2,'请选择消费来源',NULL,'2024-03-08 17:59:46','2024-05-31 09:24:28');
INSERT INTO `stat_bind_config` (`config_id`, `config_name`, `type`, `source`, `value_class`, `fid`, `config_value`, `enum_id_type`, `cascade_type`, `bind_user`, `tree`, `form_field`, `default_value`, `nullable`, `order_index`, `msg`, `remark`, `created_time`, `modify_time`) VALUES (101,'乐器',3,0,0,1,'select instrument_id,instrument_name from instrument where user_id =?1 order by order_index',NULL,0,1,0,'mp.instrument_id=',NULL,0,1,'请选择乐器',NULL,'2024-03-08 19:30:45','2024-05-31 09:23:57');
INSERT INTO `stat_bind_config` (`config_id`, `config_name`, `type`, `source`, `value_class`, `fid`, `config_value`, `enum_id_type`, `cascade_type`, `bind_user`, `tree`, `form_field`, `default_value`, `nullable`, `order_index`, `msg`, `remark`, `created_time`, `modify_time`) VALUES (102,'类型',3,0,0,16,'select type_id,type_name from common_data_type where user_id =?1 order by order_index',NULL,0,1,0,'cr.type_id=',NULL,0,1,'请选择类型',NULL,'2024-03-08 19:35:29','2024-05-31 09:25:02');
INSERT INTO `stat_bind_config` (`config_id`, `config_name`, `type`, `source`, `value_class`, `fid`, `config_value`, `enum_id_type`, `cascade_type`, `bind_user`, `tree`, `form_field`, `default_value`, `nullable`, `order_index`, `msg`, `remark`, `created_time`, `modify_time`) VALUES (103,'统计分组',4,2,3,1,'CONSUME_GROUP_FIELD',NULL,0,1,0,'groupField','goods_type_id',0,1,'请选择统计分组',NULL,'2024-03-10 20:59:21','2024-03-10 21:01:04');
INSERT INTO `stat_bind_config` (`config_id`, `config_name`, `type`, `source`, `value_class`, `fid`, `config_value`, `enum_id_type`, `cascade_type`, `bind_user`, `tree`, `form_field`, `default_value`, `nullable`, `order_index`, `msg`, `remark`, `created_time`, `modify_time`) VALUES (104,'统计方式',4,2,3,1,'CONSUME_ANALYSE_STAT_GROUP_TYPE',NULL,0,1,0,'type','TOTAL_PRICE',0,2,'请选择统计方式',NULL,'2024-03-10 21:00:35','2024-03-10 21:01:13');
INSERT INTO `stat_bind_config` (`config_id`, `config_name`, `type`, `source`, `value_class`, `fid`, `config_value`, `enum_id_type`, `cascade_type`, `bind_user`, `tree`, `form_field`, `default_value`, `nullable`, `order_index`, `msg`, `remark`, `created_time`, `modify_time`) VALUES (105,'名称检索',4,4,3,1,NULL,NULL,0,1,0,'name',NULL,1,3,'请选择名称检索',NULL,'2024-03-10 21:02:20',NULL);
INSERT INTO `stat_bind_config` (`config_id`, `config_name`, `type`, `source`, `value_class`, `fid`, `config_value`, `enum_id_type`, `cascade_type`, `bind_user`, `tree`, `form_field`, `default_value`, `nullable`, `order_index`, `msg`, `remark`, `created_time`, `modify_time`) VALUES (106,'商品类型',4,0,0,1,'select type_id,type_name,pid from goods_type where user_id =?1  order by order_index',NULL,0,1,0,'goodsTypeId',NULL,1,4,'请选择商品类型',NULL,'2024-03-10 21:03:45','2024-03-10 21:10:01');
INSERT INTO `stat_bind_config` (`config_id`, `config_name`, `type`, `source`, `value_class`, `fid`, `config_value`, `enum_id_type`, `cascade_type`, `bind_user`, `tree`, `form_field`, `default_value`, `nullable`, `order_index`, `msg`, `remark`, `created_time`, `modify_time`) VALUES (107,'购买来源',4,0,0,1,'select source_id,source_name from consume_source where user_id =?1  order by order_index',NULL,0,1,0,'sourceId',NULL,1,5,'请选择商品类型',NULL,'2024-03-10 21:05:07','2024-03-10 21:05:13');
INSERT INTO `stat_bind_config` (`config_id`, `config_name`, `type`, `source`, `value_class`, `fid`, `config_value`, `enum_id_type`, `cascade_type`, `bind_user`, `tree`, `form_field`, `default_value`, `nullable`, `order_index`, `msg`, `remark`, `created_time`, `modify_time`) VALUES (108,'消费类型',4,1,2,1,'GoodsConsumeType',1,0,1,0,'consumeType',NULL,1,6,'请选择消费类型',NULL,'2024-03-10 21:05:55','2024-03-10 21:10:10');
INSERT INTO `stat_bind_config` (`config_id`, `config_name`, `type`, `source`, `value_class`, `fid`, `config_value`, `enum_id_type`, `cascade_type`, `bind_user`, `tree`, `form_field`, `default_value`, `nullable`, `order_index`, `msg`, `remark`, `created_time`, `modify_time`) VALUES (109,'图表类型',4,2,3,1,'CONSUME_ANALYSE_STAT_CHART_TYPE',NULL,0,1,0,'chartType','PIE',0,7,'请选择图表类型',NULL,'2024-03-10 21:06:54',NULL);
INSERT INTO `stat_bind_config` (`config_id`, `config_name`, `type`, `source`, `value_class`, `fid`, `config_value`, `enum_id_type`, `cascade_type`, `bind_user`, `tree`, `form_field`, `default_value`, `nullable`, `order_index`, `msg`, `remark`, `created_time`, `modify_time`) VALUES (110,'大类分组',4,3,4,1,'[{id: true,text: \'使用大类\'},\n{id: false,text: \'原始分类\'}]',NULL,0,1,0,'groupTop','true',0,8,'请选择大类分组',NULL,'2024-03-10 21:09:19','2024-03-10 21:15:27');
INSERT INTO `stat_bind_config` (`config_id`, `config_name`, `type`, `source`, `value_class`, `fid`, `config_value`, `enum_id_type`, `cascade_type`, `bind_user`, `tree`, `form_field`, `default_value`, `nullable`, `order_index`, `msg`, `remark`, `created_time`, `modify_time`) VALUES (111,'统计分类',4,2,3,3,'CHART_DATE_GROUP',NULL,0,1,0,'dateGroupType','MONTH',0,1,'请选择统计分类',NULL,'2024-03-10 21:23:36',NULL);
INSERT INTO `stat_bind_config` (`config_id`, `config_name`, `type`, `source`, `value_class`, `fid`, `config_value`, `enum_id_type`, `cascade_type`, `bind_user`, `tree`, `form_field`, `default_value`, `nullable`, `order_index`, `msg`, `remark`, `created_time`, `modify_time`) VALUES (112,'价格类型',4,2,3,3,'CONSUME_DATE_STAT_PRICE_TYPE',NULL,0,1,0,'groupType','TOTAL_PRICE',0,2,'请选择价格类型',NULL,'2024-03-10 21:24:30',NULL);
INSERT INTO `stat_bind_config` (`config_id`, `config_name`, `type`, `source`, `value_class`, `fid`, `config_value`, `enum_id_type`, `cascade_type`, `bind_user`, `tree`, `form_field`, `default_value`, `nullable`, `order_index`, `msg`, `remark`, `created_time`, `modify_time`) VALUES (113,'消费类型',4,1,2,3,'GoodsConsumeType',1,0,1,0,'consumeType',NULL,1,3,'请选择消费类型',NULL,'2024-03-10 21:25:01',NULL);
INSERT INTO `stat_bind_config` (`config_id`, `config_name`, `type`, `source`, `value_class`, `fid`, `config_value`, `enum_id_type`, `cascade_type`, `bind_user`, `tree`, `form_field`, `default_value`, `nullable`, `order_index`, `msg`, `remark`, `created_time`, `modify_time`) VALUES (114,'图表类型',4,2,3,3,'DATE_STAT_CHART_TYPE',NULL,0,1,0,'chartType','MIX_LINE_BAR',0,4,'请选择图表类型',NULL,'2024-03-10 21:25:37',NULL);
INSERT INTO `stat_bind_config` (`config_id`, `config_name`, `type`, `source`, `value_class`, `fid`, `config_value`, `enum_id_type`, `cascade_type`, `bind_user`, `tree`, `form_field`, `default_value`, `nullable`, `order_index`, `msg`, `remark`, `created_time`, `modify_time`) VALUES (115,'数据分组',4,2,3,4,'ACCOUNT_STAT_GROUP_TYPE',1,0,1,0,'groupType','NAME',0,1,'请选择数据分组',NULL,'2024-03-10 21:27:54',NULL);
INSERT INTO `stat_bind_config` (`config_id`, `config_name`, `type`, `source`, `value_class`, `fid`, `config_value`, `enum_id_type`, `cascade_type`, `bind_user`, `tree`, `form_field`, `default_value`, `nullable`, `order_index`, `msg`, `remark`, `created_time`, `modify_time`) VALUES (116,'账户类型',4,1,3,4,'AccountType',0,0,1,0,'type',NULL,1,2,'请选择账户类型',NULL,'2024-03-10 21:28:30','2024-03-10 21:32:29');
INSERT INTO `stat_bind_config` (`config_id`, `config_name`, `type`, `source`, `value_class`, `fid`, `config_value`, `enum_id_type`, `cascade_type`, `bind_user`, `tree`, `form_field`, `default_value`, `nullable`, `order_index`, `msg`, `remark`, `created_time`, `modify_time`) VALUES (117,'资产状态',4,1,3,4,'AccountStatus',0,0,1,0,'status',NULL,0,3,'请选择资产状态',NULL,'2024-03-10 21:29:04','2024-03-10 21:32:21');
INSERT INTO `stat_bind_config` (`config_id`, `config_name`, `type`, `source`, `value_class`, `fid`, `config_value`, `enum_id_type`, `cascade_type`, `bind_user`, `tree`, `form_field`, `default_value`, `nullable`, `order_index`, `msg`, `remark`, `created_time`, `modify_time`) VALUES (118,'快照名称',4,0,0,4,'select snapshot_id,snapshot_name from account_snapshot where user_id=?1 order by created_time desc',NULL,0,1,0,'snapshotId',NULL,1,4,'请选择快照名称',NULL,'2024-03-10 21:30:09','2024-03-10 21:31:30');
INSERT INTO `stat_bind_config` (`config_id`, `config_name`, `type`, `source`, `value_class`, `fid`, `config_value`, `enum_id_type`, `cascade_type`, `bind_user`, `tree`, `form_field`, `default_value`, `nullable`, `order_index`, `msg`, `remark`, `created_time`, `modify_time`) VALUES (119,'数据分组',4,1,3,5,'BudgetStatType',0,0,1,0,'statType','NAME',0,1,'请选择数据分组',NULL,'2024-03-10 21:33:56',NULL);
INSERT INTO `stat_bind_config` (`config_id`, `config_name`, `type`, `source`, `value_class`, `fid`, `config_value`, `enum_id_type`, `cascade_type`, `bind_user`, `tree`, `form_field`, `default_value`, `nullable`, `order_index`, `msg`, `remark`, `created_time`, `modify_time`) VALUES (120,'预算类型',4,1,3,5,'BudgetType',0,0,1,0,'type',NULL,1,2,'请选择预算类型',NULL,'2024-03-10 21:35:28',NULL);
INSERT INTO `stat_bind_config` (`config_id`, `config_name`, `type`, `source`, `value_class`, `fid`, `config_value`, `enum_id_type`, `cascade_type`, `bind_user`, `tree`, `form_field`, `default_value`, `nullable`, `order_index`, `msg`, `remark`, `created_time`, `modify_time`) VALUES (121,'预算周期',4,1,3,5,'PeriodType',0,0,1,0,'period',NULL,1,3,'请选择预算周期',NULL,'2024-03-10 21:38:39','2024-03-10 21:39:03');
INSERT INTO `stat_bind_config` (`config_id`, `config_name`, `type`, `source`, `value_class`, `fid`, `config_value`, `enum_id_type`, `cascade_type`, `bind_user`, `tree`, `form_field`, `default_value`, `nullable`, `order_index`, `msg`, `remark`, `created_time`, `modify_time`) VALUES (122,'商品标签',4,0,3,6,'select tags as id,tags as name from (select distinct tags from consume where consume_time>= date_sub(NOW(), interval 1 YEAR)  and user_id=?1 and tags is not null  ) as res',NULL,0,1,0,'tags',NULL,1,1,'请选择商品标签',NULL,'2024-03-10 21:41:37','2024-03-10 21:45:01');
INSERT INTO `stat_bind_config` (`config_id`, `config_name`, `type`, `source`, `value_class`, `fid`, `config_value`, `enum_id_type`, `cascade_type`, `bind_user`, `tree`, `form_field`, `default_value`, `nullable`, `order_index`, `msg`, `remark`, `created_time`, `modify_time`) VALUES (123,'商品类型',4,0,0,6,'select type_id,type_name,pid from goods_type where user_id =?1  order by order_index',NULL,0,1,0,'goodsTypeId',NULL,1,2,'请选择商品类型',NULL,'2024-03-10 21:42:33',NULL);
INSERT INTO `stat_bind_config` (`config_id`, `config_name`, `type`, `source`, `value_class`, `fid`, `config_value`, `enum_id_type`, `cascade_type`, `bind_user`, `tree`, `form_field`, `default_value`, `nullable`, `order_index`, `msg`, `remark`, `created_time`, `modify_time`) VALUES (124,'购买来源',4,0,0,6,'select source_id,source_name from consume_source where user_id =?1  order by order_index',NULL,0,1,0,'sourceId',NULL,1,3,'请选择商品类型',NULL,'2024-03-10 21:42:42',NULL);
INSERT INTO `stat_bind_config` (`config_id`, `config_name`, `type`, `source`, `value_class`, `fid`, `config_value`, `enum_id_type`, `cascade_type`, `bind_user`, `tree`, `form_field`, `default_value`, `nullable`, `order_index`, `msg`, `remark`, `created_time`, `modify_time`) VALUES (125,'功能点',3,0,0,12,'select func_id,func_name from sys_func',NULL,0,0,0,'sys_func_id=',NULL,1,1,'请选择功能点',NULL,'2024-05-30 09:29:09','2024-05-31 09:26:03');
INSERT INTO `stat_bind_config` (`config_id`, `config_name`, `type`, `source`, `value_class`, `fid`, `config_value`, `enum_id_type`, `cascade_type`, `bind_user`, `tree`, `form_field`, `default_value`, `nullable`, `order_index`, `msg`, `remark`, `created_time`, `modify_time`) VALUES (126,'关键字',3,4,3,6,NULL,NULL,0,1,0,'goods_name like',NULL,0,3,'请选择关键字',NULL,'2024-05-30 11:15:41','2024-05-31 09:24:39');
INSERT INTO `stat_bind_config` (`config_id`, `config_name`, `type`, `source`, `value_class`, `fid`, `config_value`, `enum_id_type`, `cascade_type`, `bind_user`, `tree`, `form_field`, `default_value`, `nullable`, `order_index`, `msg`, `remark`, `created_time`, `modify_time`) VALUES (127,'食物类型',0,1,2,40,'FoodType',1,0,0,0,'a.food_type=',NULL,0,2,'请选择食物类型',NULL,'2024-05-30 12:15:57','2024-05-31 09:36:14');
INSERT INTO `stat_bind_config` (`config_id`, `config_name`, `type`, `source`, `value_class`, `fid`, `config_value`, `enum_id_type`, `cascade_type`, `bind_user`, `tree`, `form_field`, `default_value`, `nullable`, `order_index`, `msg`, `remark`, `created_time`, `modify_time`) VALUES (128,'餐次类型',0,1,2,40,'DietType',1,0,0,0,'a.diet_type=',NULL,0,3,'请选择餐次类型',NULL,'2024-05-30 12:16:41','2024-05-31 09:36:19');
INSERT INTO `stat_bind_config` (`config_id`, `config_name`, `type`, `source`, `value_class`, `fid`, `config_value`, `enum_id_type`, `cascade_type`, `bind_user`, `tree`, `form_field`, `default_value`, `nullable`, `order_index`, `msg`, `remark`, `created_time`, `modify_time`) VALUES (129,'标签',0,4,3,45,NULL,NULL,0,1,0,'tags like ',NULL,0,2,'请输入关键字',NULL,'2024-05-30 12:18:13','2024-05-31 09:35:55');
INSERT INTO `stat_bind_config` (`config_id`, `config_name`, `type`, `source`, `value_class`, `fid`, `config_value`, `enum_id_type`, `cascade_type`, `bind_user`, `tree`, `form_field`, `default_value`, `nullable`, `order_index`, `msg`, `remark`, `created_time`, `modify_time`) VALUES (130,'确诊疾病',0,0,3,34,'select confirm_disease as id,confirm_disease as name from (\nselect distinct confirm_disease from treat where user_id=?1\n) as res  order by confirm_disease',NULL,0,1,0,'confirm_disease=',NULL,0,2,'请选择',NULL,'2024-05-30 12:20:56','2024-05-31 09:36:36');

truncate table stat_template;

INSERT INTO `stat_template` (`template_id`, `template_name`, `title`, `sql_type`, `sql_content`, `result_type`, `value_type`, `order_index`, `paras`, `status`, `buss_type`, `level`, `rewards`, `source`, `calendar_title`, `url`, `remark`, `created_time`, `modify_time`) VALUES (1,'统计最近一次某项运动','距离上一次{某项运动}已过去',0,'select max(exercise_time) as value,null as nameValue from exercise where user_id=?1',0,0,8,1,1,5,3,10,11,'锻炼身体','Exercise',NULL,'2017-02-02 16:17:31','2024-05-30 12:29:39');
INSERT INTO `stat_template` (`template_id`, `template_name`, `title`, `sql_type`, `sql_content`, `result_type`, `value_type`, `order_index`, `paras`, `status`, `buss_type`, `level`, `rewards`, `source`, `calendar_title`, `url`, `remark`, `created_time`, `modify_time`) VALUES (2,'统计最后一次练习某种乐器','距离上一次练习{乐器}已过去',0,'select max(practice_date) as value,null as nameValue from music_practice \n where user_id=?1',0,0,5,1,1,3,3,10,18,'练习乐器','MusicPractice',NULL,'2017-02-02 17:16:08','2024-05-30 12:29:22');
INSERT INTO `stat_template` (`template_id`, `template_name`, `title`, `sql_type`, `sql_content`, `result_type`, `value_type`, `order_index`, `paras`, `status`, `buss_type`, `level`, `rewards`, `source`, `calendar_title`, `url`, `remark`, `created_time`, `modify_time`) VALUES (3,'统计最近一个月加班时长','最近一个月加班',0,'select round(sum(hours)) as value,null as nameValue from work_overtime where work_date >= date_sub(NOW(), interval 1 MONTH) and user_id=?1',1,1,6,1,1,9,3,10,19,'按时下班','WorkOvertime',NULL,'2017-02-02 17:37:12','2024-03-08 17:36:00');
INSERT INTO `stat_template` (`template_id`, `template_name`, `title`, `sql_type`, `sql_content`, `result_type`, `value_type`, `order_index`, `paras`, `status`, `buss_type`, `level`, `rewards`, `source`, `calendar_title`, `url`, `remark`, `created_time`, `modify_time`) VALUES (4,'统计最后一次在医院某个科室看病的时间','距离上一次{某个科室}已过去',0,'select max(treat_time) as value,null as namValue from treat where user_id=?1',0,0,3,1,1,6,3,10,14,'注意身体','Treat','','2017-02-02 17:48:56','2024-05-30 12:29:03');
INSERT INTO `stat_template` (`template_id`, `template_name`, `title`, `sql_type`, `sql_content`, `result_type`, `value_type`, `order_index`, `paras`, `status`, `buss_type`, `level`, `rewards`, `source`, `calendar_title`, `url`, `remark`, `created_time`, `modify_time`) VALUES (5,'统计今年还未实现的梦想','今年未实现的梦想',0,'select count(0) as value,null as nameValue from dream where status in (0,1)  and year(expect_date)<=year(NOW()) and user_id=?1',1,3,1,1,1,1,3,10,9,'完成梦想','Dream','','2017-02-02 17:56:59','2024-03-08 17:35:44');
INSERT INTO `stat_template` (`template_id`, `template_name`, `title`, `sql_type`, `sql_content`, `result_type`, `value_type`, `order_index`, `paras`, `status`, `buss_type`, `level`, `rewards`, `source`, `calendar_title`, `url`, `remark`, `created_time`, `modify_time`) VALUES (6,'统计所有未实现梦想','人生还未实现的梦想还有',0,'select count(0) as value,null as nameValue from dream where status in (0,1)  and user_id=?1',1,3,8,1,1,1,3,10,9,'实现梦想','Dream',NULL,'2017-02-02 17:58:38','2024-03-08 17:35:30');
INSERT INTO `stat_template` (`template_id`, `template_name`, `title`, `sql_type`, `sql_content`, `result_type`, `value_type`, `order_index`, `paras`, `status`, `buss_type`, `level`, `rewards`, `source`, `calendar_title`, `url`, `remark`, `created_time`, `modify_time`) VALUES (7,'统计最近一次某项人生经历','距离上一次{某项人生经历}已经过去',0,'select max(start_date) as value,null as nameValue from experience where user_id=?1',0,0,9,1,1,2,3,10,12,'出去旅行','Experience',NULL,'2017-02-02 18:35:49','2024-05-30 12:28:35');
INSERT INTO `stat_template` (`template_id`, `template_name`, `title`, `sql_type`, `sql_content`, `result_type`, `value_type`, `order_index`, `paras`, `status`, `buss_type`, `level`, `rewards`, `source`, `calendar_title`, `url`, `remark`, `created_time`, `modify_time`) VALUES (8,'统计最近一年某项手术数量','最近一年在医院{某项手术}检查',0,'select count(0) as value,null as nameValue from treat_operation t1,treat t2 where t1.treat_id=t2.treat_id and t2.treat_time>= date_sub(NOW(), interval 1 YEAR)  and t1.user_id=?1',1,6,7,1,1,6,3,10,5,'注意身体','TreatOperation','','2017-02-02 20:44:37','2024-05-30 12:28:11');
INSERT INTO `stat_template` (`template_id`, `template_name`, `title`, `sql_type`, `sql_content`, `result_type`, `value_type`, `order_index`, `paras`, `status`, `buss_type`, `level`, `rewards`, `source`, `calendar_title`, `url`, `remark`, `created_time`, `modify_time`) VALUES (9,'统计最近三个月看病次数','最近三个月看病次数',0,'select count(0) as value,null as nameValue from treat where treat_time >= date_sub(NOW(), interval 3 MONTH)  and treat_type=0 and user_id=?1',1,6,5,1,1,6,3,10,14,'注意身体','Treat',NULL,'2017-02-03 11:53:39','2024-03-08 17:35:08');
INSERT INTO `stat_template` (`template_id`, `template_name`, `title`, `sql_type`, `sql_content`, `result_type`, `value_type`, `order_index`, `paras`, `status`, `buss_type`, `level`, `rewards`, `source`, `calendar_title`, `url`, `remark`, `created_time`, `modify_time`) VALUES (10,'统计今年梦想完成进度','今年梦想完成进度',0,'select round(rate*100/(n*100)) as value,null as nameValue from (\n select sum(rate) as rate, count(0) as n from dream where status in (0,1,2) \n and user_id=?1 and year(expect_date)=year(NOW()) ) as aa',1,4,4,1,1,1,3,10,9,'','Dream','','2017-02-03 12:59:51','2024-03-08 17:35:00');
INSERT INTO `stat_template` (`template_id`, `template_name`, `title`, `sql_type`, `sql_content`, `result_type`, `value_type`, `order_index`, `paras`, `status`, `buss_type`, `level`, `rewards`, `source`, `calendar_title`, `url`, `remark`, `created_time`, `modify_time`) VALUES (11,'统计今年的某项运动计划','今年{某项运动}锻炼已经完成',0,'select round(sum(value)) as value,null as nameValue  from exercise \n where year(exercise_time)=year(NOW())  and user_id=?1',1,5,6,1,1,5,3,10,11,'锻炼身体','Exercise',NULL,'2017-02-03 13:21:01','2024-05-30 12:27:31');
INSERT INTO `stat_template` (`template_id`, `template_name`, `title`, `sql_type`, `sql_content`, `result_type`, `value_type`, `order_index`, `paras`, `status`, `buss_type`, `level`, `rewards`, `source`, `calendar_title`, `url`, `remark`, `created_time`, `modify_time`) VALUES (12,'统计去过的国家数','一生去过的国家数',0,'select count(0) as value,null as nameValue from (select distinct arrive_country_id from experience_detail where user_id=?1 ) as aa',1,3,10,1,1,2,3,10,12,'出去旅行','Experience','','2017-02-03 13:35:24','2024-03-08 17:34:41');
INSERT INTO `stat_template` (`template_id`, `template_name`, `title`, `sql_type`, `sql_content`, `result_type`, `value_type`, `order_index`, `paras`, `status`, `buss_type`, `level`, `rewards`, `source`, `calendar_title`, `url`, `remark`, `created_time`, `modify_time`) VALUES (13,'统计今年的花费','今年已经花费',0,'select round(sum(total_price)) as value,null as nameValue from consume where  year(buy_time)=year(NOW())  and total_price >=0 and user_id=?1',1,7,11,1,1,0,3,10,7,'克制消费','Consume',NULL,'2017-02-03 13:45:24','2024-03-08 17:34:19');
INSERT INTO `stat_template` (`template_id`, `template_name`, `title`, `sql_type`, `sql_content`, `result_type`, `value_type`, `order_index`, `paras`, `status`, `buss_type`, `level`, `rewards`, `source`, `calendar_title`, `url`, `remark`, `created_time`, `modify_time`) VALUES (14,'统计一生去过某个国家的省份数','一生去过{某个国家}的省份数',0,'select count(0) as value,null as nameValue from (select distinct arrive_province_id from experience_detail where user_id=?1 {extra_sql} ) as aa',1,3,13,1,1,2,3,10,12,'该去旅行了','Experience','','2017-02-03 14:23:25','2024-05-30 12:27:00');
INSERT INTO `stat_template` (`template_id`, `template_name`, `title`, `sql_type`, `sql_content`, `result_type`, `value_type`, `order_index`, `paras`, `status`, `buss_type`, `level`, `rewards`, `source`, `calendar_title`, `url`, `remark`, `created_time`, `modify_time`) VALUES (15,'统计今年已经读的书籍','今年已经读过书籍',0,'select count(0) as value ,null as nameValue from book where status=2 and  year(finish_date)=year(NOW()) and user_id=?1',1,8,7,1,1,4,3,10,17,'多读书','Book',NULL,'2017-02-03 15:08:45','2024-03-08 17:34:02');
INSERT INTO `stat_template` (`template_id`, `template_name`, `title`, `sql_type`, `sql_content`, `result_type`, `value_type`, `order_index`, `paras`, `status`, `buss_type`, `level`, `rewards`, `source`, `calendar_title`, `url`, `remark`, `created_time`, `modify_time`) VALUES (16,'统计最近一个月练习某种乐器时长','最近一个月练习{某种乐器}时长',0,'select round(sum(minutes)/60) as value,null as nameValue from music_practice where  practice_date>=date_sub(NOW(), interval 1 MONTH)   and user_id=?1',1,1,5,1,1,3,3,10,18,'练习乐器','MusicPractice',NULL,'2017-02-03 15:27:52','2024-05-30 12:26:19');
INSERT INTO `stat_template` (`template_id`, `template_name`, `title`, `sql_type`, `sql_content`, `result_type`, `value_type`, `order_index`, `paras`, `status`, `buss_type`, `level`, `rewards`, `source`, `calendar_title`, `url`, `remark`, `created_time`, `modify_time`) VALUES (17,'统计最近一个月身体不适次数','最近一个月身体不适次数',0,'select count(0) as value,null as nameValue from body_abnormal where occur_date >= date_sub(NOW(), interval 1 MONTH)  and user_id=?1',1,6,7,1,1,6,3,10,16,'注意身体','BodyAbnormal',NULL,'2017-02-03 16:04:11','2024-03-08 17:33:49');
INSERT INTO `stat_template` (`template_id`, `template_name`, `title`, `sql_type`, `sql_content`, `result_type`, `value_type`, `order_index`, `paras`, `status`, `buss_type`, `level`, `rewards`, `source`, `calendar_title`, `url`, `remark`, `created_time`, `modify_time`) VALUES (18,'统计最容易生病的器官','最容易生病的器官',0,'select count(0) as value,organ as nameValue  from treat where sick=1 and user_id=?1 group by organ order by value desc limit 1',3,6,6,1,1,6,3,10,14,'注意身体','Treat','','2017-02-03 22:36:55','2024-03-08 17:33:41');
INSERT INTO `stat_template` (`template_id`, `template_name`, `title`, `sql_type`, `sql_content`, `result_type`, `value_type`, `order_index`, `paras`, `status`, `buss_type`, `level`, `rewards`, `source`, `calendar_title`, `url`, `remark`, `created_time`, `modify_time`) VALUES (19,'统计最近一年看的最多的病','最近一年看的最多的病',0,'select count(0) as value,disease as nameValue  from treat where treat_time>= date_sub(NOW(), interval 1 YEAR) and user_id=?1 group by disease order by value desc limit 1',3,6,5,1,1,6,3,10,14,'注意身体','Treat','','2017-02-03 22:45:24','2024-03-08 17:33:32');
INSERT INTO `stat_template` (`template_id`, `template_name`, `title`, `sql_type`, `sql_content`, `result_type`, `value_type`, `order_index`, `paras`, `status`, `buss_type`, `level`, `rewards`, `source`, `calendar_title`, `url`, `remark`, `created_time`, `modify_time`) VALUES (21,'统计所有未完成的某项运动里程碑','{某项运动}里程碑未完成的还有',0,'select count(0) as value,null as nameValue from sport_milestone where exercise_id is null  and user_id=?1',1,3,10,1,0,5,3,10,11,'注意锻炼效果','SportMilestone',NULL,'2017-08-10 16:02:21','2024-05-30 12:25:42');
INSERT INTO `stat_template` (`template_id`, `template_name`, `title`, `sql_type`, `sql_content`, `result_type`, `value_type`, `order_index`, `paras`, `status`, `buss_type`, `level`, `rewards`, `source`, `calendar_title`, `url`, `remark`, `created_time`, `modify_time`) VALUES (22,'统计最近30天某餐没吃的次数','最近30天{某餐}没吃的次数',0,'select 30-n as value,null as nameValue from (\n SELECT count(0) as n FROM diet where occur_time>=date_sub(NOW(), interval 30 DAY)     \n and user_id=?1 {extra_sql} ) as aa',1,6,22,1,1,11,3,10,13,'按时吃饭','Diet','','2018-01-04 15:29:36','2024-05-30 13:18:33');
INSERT INTO `stat_template` (`template_id`, `template_name`, `title`, `sql_type`, `sql_content`, `result_type`, `value_type`, `order_index`, `paras`, `status`, `buss_type`, `level`, `rewards`, `source`, `calendar_title`, `url`, `remark`, `created_time`, `modify_time`) VALUES (23,'统计最近一次看书','距离上一次看书已过去',0,'SELECT max(read_time)  as value,null as nameValue FROM read_detail where user_id=?1',0,0,7,1,1,4,3,10,17,'看书','Book',NULL,'2018-01-07 15:39:52','2024-03-08 17:33:02');
INSERT INTO `stat_template` (`template_id`, `template_name`, `title`, `sql_type`, `sql_content`, `result_type`, `value_type`, `order_index`, `paras`, `status`, `buss_type`, `level`, `rewards`, `source`, `calendar_title`, `url`, `remark`, `created_time`, `modify_time`) VALUES (24,'统计最近一次运动锻炼','距离上一次锻炼已过去',0,'select max(exercise_time) as value,null as nameValue from exercise where user_id=?1',0,0,8,1,1,5,3,10,11,'锻炼身体','Exercise',NULL,'2018-01-20 09:45:03','2024-03-08 17:32:57');
INSERT INTO `stat_template` (`template_id`, `template_name`, `title`, `sql_type`, `sql_content`, `result_type`, `value_type`, `order_index`, `paras`, `status`, `buss_type`, `level`, `rewards`, `source`, `calendar_title`, `url`, `remark`, `created_time`, `modify_time`) VALUES (25,'统计最近一周饮食的食物种类数','最近一周饮食的食物种类数',0,'select count(0) as value,null as nameValue from  \n ( select distinct substring_index(substring_index(a.foods,\',\',b.help_topic_id+1),\',\',-1)  as name \n from diet a join mysql.help_topic b on b.help_topic_id < (length(a.foods) - length(replace(a.foods,\',\',\'\'))+1)  \n where occur_time <= date_sub(NOW(), interval 1 WEEK) \n   and a.user_id=?1  ) \n as res ',1,9,25,1,1,11,3,10,13,'请注意饮食多样性','Diet','','2018-02-20 10:51:42','2024-03-08 17:32:47');
INSERT INTO `stat_template` (`template_id`, `template_name`, `title`, `sql_type`, `sql_content`, `result_type`, `value_type`, `order_index`, `paras`, `status`, `buss_type`, `level`, `rewards`, `source`, `calendar_title`, `url`, `remark`, `created_time`, `modify_time`) VALUES (26,'统计最近一个月某餐饮食的食物种类数','最近一个月某餐饮食的食物种类数',0,'select count(0) as value,null as nameValue from  \n ( select distinct substring_index(substring_index(a.foods,\',\',b.help_topic_id+1),\',\',-1)  as name \n from diet a join mysql.help_topic b on b.help_topic_id < (length(a.foods) - length(replace(a.foods,\',\',\'\'))+1)  \n where occur_time <= date_sub(NOW(), interval 1 MONTH)  and \n  a.user_id=?1 {extra_sql}  ) \n as res ',1,9,26,1,1,11,3,10,13,'请注意饮食多样性','Diet','','2018-02-20 11:07:34','2024-05-30 13:18:50');
INSERT INTO `stat_template` (`template_id`, `template_name`, `title`, `sql_type`, `sql_content`, `result_type`, `value_type`, `order_index`, `paras`, `status`, `buss_type`, `level`, `rewards`, `source`, `calendar_title`, `url`, `remark`, `created_time`, `modify_time`) VALUES (27,'统计最后一次某项通用记录','距离{某项通用记录}已过去',0,'select max(occur_time) as value,null as nameValue from common_data\n where  user_id=?1',0,0,27,1,1,7,3,10,3,'{某项通用记录}','CommonData',NULL,'2018-02-20 16:39:38','2024-05-30 12:22:36');
INSERT INTO `stat_template` (`template_id`, `template_name`, `title`, `sql_type`, `sql_content`, `result_type`, `value_type`, `order_index`, `paras`, `status`, `buss_type`, `level`, `rewards`, `source`, `calendar_title`, `url`, `remark`, `created_time`, `modify_time`) VALUES (28,'统计最后一次音乐练习','统计最后一次音乐练习',0,'select max(practice_date) as value,null as name from music_practice  where user_id=?1',0,0,5,1,1,3,3,10,18,'练习乐器','MusicPractice',NULL,'2018-02-20 19:53:23','2024-03-08 17:32:11');
INSERT INTO `stat_template` (`template_id`, `template_name`, `title`, `sql_type`, `sql_content`, `result_type`, `value_type`, `order_index`, `paras`, `status`, `buss_type`, `level`, `rewards`, `source`, `calendar_title`, `url`, `remark`, `created_time`, `modify_time`) VALUES (29,'统计最近一次看的病','统计最近一次看的病',0,'select treat_time as value,confirm_disease as nameValue from treat where user_id=?1 order by treat_time desc limit 1',2,0,5,1,1,6,3,10,14,'','Treat','','2018-02-21 10:36:39','2024-03-08 17:32:05');
INSERT INTO `stat_template` (`template_id`, `template_name`, `title`, `sql_type`, `sql_content`, `result_type`, `value_type`, `order_index`, `paras`, `status`, `buss_type`, `level`, `rewards`, `source`, `calendar_title`, `url`, `remark`, `created_time`, `modify_time`) VALUES (32,'统计最近一个月看书时长','最近一个月看书时长',0,'select round(sum(duration)/60) as value,null as nameValue from read_detail where  read_time>=date_sub(NOW(), interval 1 MONTH)  and user_id=?1',1,1,5,1,1,4,3,10,17,'看书','Book',NULL,'2018-03-03 09:13:02','2024-03-08 17:31:48');
INSERT INTO `stat_template` (`template_id`, `template_name`, `title`, `sql_type`, `sql_content`, `result_type`, `value_type`, `order_index`, `paras`, `status`, `buss_type`, `level`, `rewards`, `source`, `calendar_title`, `url`, `remark`, `created_time`, `modify_time`) VALUES (33,'统计最近一次统计身体基本数据','距离上一次统计身体基本数据',0,'select max(record_time) as value,null as nameValue from body_info where user_id=?1',0,0,32,1,1,14,3,10,15,NULL,'BodyInfo',NULL,'2018-03-04 21:07:31','2024-03-08 17:28:40');
INSERT INTO `stat_template` (`template_id`, `template_name`, `title`, `sql_type`, `sql_content`, `result_type`, `value_type`, `order_index`, `paras`, `status`, `buss_type`, `level`, `rewards`, `source`, `calendar_title`, `url`, `remark`, `created_time`, `modify_time`) VALUES (34,'统计最后一次在医院看病的时间','距离上一次{看病}已过去',0,'select max(treat_time) as value,null as nameValue from treat where user_id=?1',0,0,3,1,1,6,3,10,0,'注意身体','Treat','','2018-07-07 21:25:08','2024-05-30 12:19:54');
INSERT INTO `stat_template` (`template_id`, `template_name`, `title`, `sql_type`, `sql_content`, `result_type`, `value_type`, `order_index`, `paras`, `status`, `buss_type`, `level`, `rewards`, `source`, `calendar_title`, `url`, `remark`, `created_time`, `modify_time`) VALUES (40,'统计某种食物吃的最多的食物','统计某种食物吃的最多的食物',0,'select count(0) as value,name as nameValue from  ( select substring_index(substring_index(a.foods,\',\',b.help_topic_id+1),\',\',-1)  as name from diet a\n  join mysql.help_topic b on b.help_topic_id < (length(a.foods) - length(replace(a.foods,\',\',\'\'))+1)  \n  where  a.user_id=?1 {extra_sql}\n  ) as res \n  group by name  order by value desc limit 1',3,6,1,1,1,11,3,0,13,'注意饮食','Diet','','2019-01-08 18:32:15','2024-05-30 12:17:12');
INSERT INTO `stat_template` (`template_id`, `template_name`, `title`, `sql_type`, `sql_content`, `result_type`, `value_type`, `order_index`, `paras`, `status`, `buss_type`, `level`, `rewards`, `source`, `calendar_title`, `url`, `remark`, `created_time`, `modify_time`) VALUES (42,'统计使用时间最长的商品','使用时间最长的商品',0,'select datediff(invalid_time,buy_time) as value,goods_name as nameValue FROM consume where invalid_time is not null and user_id = ?1\n order by value desc limit 1',3,0,39,1,1,0,3,0,7,'注意商品使用周期','Consume','','2019-07-02 21:58:49','2024-03-08 17:24:00');
INSERT INTO `stat_template` (`template_id`, `template_name`, `title`, `sql_type`, `sql_content`, `result_type`, `value_type`, `order_index`, `paras`, `status`, `buss_type`, `level`, `rewards`, `source`, `calendar_title`, `url`, `remark`, `created_time`, `modify_time`) VALUES (43,'统计使用时间最短的商品','使用时间最短的商品',0,'select datediff(invalid_time,buy_time) as value,goods_name as nameValue FROM consume where invalid_time is not null and user_id = ?1\n order by value asc limit 1',3,0,40,1,1,0,3,0,7,'注意商品使用周期','Consume','','2019-07-02 22:01:38','2024-03-08 17:23:53');
INSERT INTO `stat_template` (`template_id`, `template_name`, `title`, `sql_type`, `sql_content`, `result_type`, `value_type`, `order_index`, `paras`, `status`, `buss_type`, `level`, `rewards`, `source`, `calendar_title`, `url`, `remark`, `created_time`, `modify_time`) VALUES (45,'统计最后一次某个关键字的消费记录','距离上一次{某个关键字消费}已过去',0,'select max(buy_time) as value,null as nameValue from consume where user_id=?1',0,0,4,1,1,0,3,10,7,'注意检查','Consume','','2024-02-28 14:34:17','2024-05-30 12:07:11');

#系统代码
ALTER TABLE `sys_code`
ADD COLUMN `sys_limit` INT NOT NULL DEFAULT 0 AFTER `user_period`,
CHANGE COLUMN `limit_period` `user_period` INT NULL DEFAULT '0' ;


